item,quantity,category,tags,current location,weight,owner,intended location,notes,location notes,potential sell / discard
million dollar classics,1,book,cars,yarraville bookshelf,,,,,,
auto legends,1,book,cars,yarraville bookshelf,,,,,,
super cars,1,book,cars,yarraville bookshelf,,,,,,
cockaleechie,1,book,family,yarraville bookshelf,,,,,,
power moves,1,book,,yarraville bookshelf,,,,,,
living big in a tiny house,1,book,minimalism,yarraville bookshelf,,,,,,
cabin porn,1,book,minimalism,yarraville bookshelf,,,,,,
andy murray,1,book,tennis,yarraville bookshelf,,,,,,
the master: federer,1,book,tennis,yarraville bookshelf,,,,,,
the fireside book of tennis,1,book,tennis,yarraville bookshelf,,,,,,
new perspectives: coastal houses,1,book,,yarraville bookshelf,,,,,,
no bullshit guide to math and physics,1,book,,yarraville bookshelf,,,,,,
professional poker: no limit holdem volume 2,1,book,,yarraville bookshelf,,,,,,
winning ugly,1,book,tennis,yarraville bookshelf,,,,,,
on liberty,1,book,,yarraville bookshelf,,,,,,
schott's original miscellany,1,book,,yarraville bookshelf,,,,,,
the inner game of tennis,1,book,tennis,yarraville bookshelf,,,,,,
the home barista,1,book,,yarraville bookshelf,,,,,,
the social guidebook to norway,1,book,,yarraville bookshelf,,,,,,
the social guidebook to norway 2,1,book,,yarraville bookshelf,,,,,,
city cycling london,1,book,cycling,yarraville bookshelf,,,,,,
epic bike rides of the world,1,book,cycling,yarraville bookshelf,,,,,,
the dog in photography,1,book,,yarraville bookshelf,,,,,,
watches: a guide by hodinkee,1,book,watches,yarraville bookshelf,,,,,,
legendary wristwatches,1,book,watches,yarraville bookshelf,,,,,,
a man & his watch,1,book,watches,yarraville bookshelf,,,,,,
the wristwatch handbook,1,book,watches,yarraville bookshelf,,,,,,
meditations: the annotated edition,1,book,,yarraville bookshelf,,,,,,
head gravity tennis bag,1,,,kmart box 1,,,,,,sell
thinkpad laptop case,1,,,kmart box 1,,,,,,sell
paperlike ipad mini screen protector and installation tools,1,,,kmart box 1,,,,,,sell
Logitech C922 Pro webcam,1,,,kmart box 1,,,,,,sell
cargo works 13 inch laptop sleeve,1,,,kmart box 1,,,,,,sell
evergoods plc20,1,,,kmart box 1,,,,,,sell
grand seiko hat,1,,,kmart box 1,,,,,,sell
wilson ultra pro v4,2,,,kmart box 1,,,,,,sell
wilson blade pro v8,1,,,kmart box 1,,,,,,sell
yonex sv95,2,,,kmart box 1,,,,,,sell
evergoods CAS2 Grey/Orange,1,,,kmart box 1,,,,,,sell
norbauer norbaforce (1) box,1,,,kmart box 3,,,,,,
norbauer norbaforce (2) (new in box),1,,,kmart box 3,,,,,,
norbauer heavy grail (in box),1,,,kmart box 3,,,,,,
wii console,1,video games,games wii,kmart box 3,,,,,,
mario kart wheel,2,video games,,kmart box 3,,,,these are chloe's i think,,
wii controller ('wiimote'),2,video games,,kmart box 3,,,,,,
wii controller ('nunchuck'),2,video games,,kmart box 3,,,,,,
wii sensor bar,1,video games,,kmart box 3,,,,,,
wii power brick and cable,1,video games,,kmart box 3,,,,,,
wii vga cable,1,video games,,kmart box 3,,,,,,
super mario galaxy,1,video games,,kmart box 3,,,,,,
wiiplay,1,video games,,kmart box 3,,,,,,
need for speed carbon,1,video games,,kmart box 3,,,,,,
the legend of zelda twilight princess,1,video games,,kmart box 3,,,,,,
marioparty 8,1,video games,,kmart box 3,,,,,,
wii sports,1,video games,,kmart box 3,,,,,,
mariokart wii,1,video games,,kmart box 3,,,,,,
super smash bros 3DS,1,video games,games 3DS,kmart box 3,,,,,,
pokemon alpha sapphire,1,video games,games 3DS,kmart box 3,,,,,,
horizon zero dawn,1,video games,games PS4,kmart box 3,,,,,,
call of duty: cold war,1,video games,games PS4,kmart box 3,,,,,,
call of duty: modern warfare (MW19),1,video games,games PS4,kmart box 3,,,,,,
the last of us remastered,1,video games,games PS4,kmart box 3,,,,,,
sarah and sebastian engagement ring box (incl. ring documentation),1,jewelry,,kmart box 3,,,,contains ring documentation. other sarah and sebastian jewelry boxes are stored within this biggerb ox,,
"""no 1"" chess set",1,board games,,kmart box 3,,,,lily gave this to me for my birthday in 2022 when we were at bendigo,,
guess who,1,board games,,kmart box 3,,,,has survivor contestants in the pictures instead of the originals,,
asus ROG Ally box,1,boxes,,kmart box 3,,,,,,
dbrand ROG ally killswitch box + accessories,1,boxes,,kmart box 3,,,,"includes the extra tempered glass screen protector, and skin",,
fake arnott's shapes,1,toys,,kmart box 3,,,,pretty sure mum got this for me / future kids up at a (huskisson?) market one day,,
"wedding ceremony documents (incl. wedding certificate, wedding ring case)",1,documents,,kmart box 3,,,,"provided by abbie frew on our wedding day, in a green binder thing",,
monopoly deal,1,board games,card games,draw underneath bookshelf,,,,,,
"""minim"" set of cards",2,board games,card games,kmart box 3,,,,"i think maybe Dan gave these to me for a present at one point, not totally sure though",,
"freedom"" playing cards",1,,,kmart box 3,,,,,,
casio classpad 330 CAS calculator,1,,,kmart box 3,,,,used this at CGS,,
asics resolution 9,1,shoes,,kmart box 4,,,,,,
tennis only leather grips,4,tennis,,kmart box 4,,,,,,
overgrips in tourna grip container,1,tennis,,kmart box 4,,,,,,
pro stringer,1,,,kmart box 4,,,,,,
luxilon alu power 1 set,1,,,kmart box 4,,,,,,
amazonbasics skipping rope,1,,,kmart box 4,,,,,,
doubleAR diablo 2.4 (1.24mm) reel,1,,,kmart box 4,,,,,,
yonex polytour pro 1.25mm black reel,1,,,kmart box 4,,,,,,
head pro player room stencil,1,,,kmart box 4,,,,,,
yonex orange string bag with tennis balls in it,1,,,kmart box 4,,,,,,
head vapour pro,2,,,kmart box 4,,,,,,
wilson rush pro 3.0 red,1,,,kmart box 4,,,,,,
babolat shoe bag,1,,,kmart box 4,,,,,,
adidas barricade grasscourt shoes,1,,,kmart box 4,,,,,,
asics FF 3 novak hardcourt shoes,1,,,kmart box 4,,,,,,
ankle brace,2,,,kmart box 4,,,,,,
green yonex string bag,1,,,kmart box 4,,,,,,
head TGT334 spare grommets,1,,,kmart box 4,,,,,,
factory wilson base grip,1,,,kmart box 4,,,,in tourna grip case,,
ab roller,1,,,kmart box 4,,,,,,
victor sports ice bag velcro strapping (mount),1,,,kmart box 4,,,,,,
victor sports ice bag velcro strapping,1,,,kmart box 4,,,,,,
spare lead tape,1,,,kmart box 4,,,,,,
power band purple (medium),1,,,kmart box 4,,,,,,
power band red (thin),1,,,kmart box 4,,,,,,
large foldable nike duffel bag,1,,,kmart box 4,,,,,,
ESR running belt,1,,,kmart box 4,,,,,,
tourna rosin powder bag try dry hands,1,,,kmart box 4,,,,,,
adjustable monitor arm,1,,,kmart box 2,,,,,,
spare monitor arm / VESA mount screws x4,1,,,kmart box 2,,,,,,
bellemond paper screen protector for ipad (ipad mini),1,,,kmart box 2,,,,,,
bellemond paper screen protector for ipad (ipad pro 12.9),3,,,kmart box 2,,,,"one of these is chopped up for inkpalm pro use, still some left, 2 full spares remain",,
thinkpad t480 power brick and cable,1,,,kmart box 2,,,,,in amazonbasics slim packing cube 1,
thinkpad x230 44+ battery,1,,,kmart box 2,,,,,in amazonbasics slim packing cube 1,
thinkpad x230 44++ battery,1,,,kmart box 2,,,,,in amazonbasics slim packing cube 1,
o2 headphone amp wall charger (US),1,,,kmart box 2,,,,,in amazonbasics slim packing cube 1,
12v 'k-tec' wall charger,1,,,kmart box 2,,,,,in amazonbasics slim packing cube 1,
wall socket expandor/duplicator (1 to 2),1,,,kmart box 2,,,,,in amazonbasics slim packing cube 1,
white CAT5 ethernet cable,2,,,kmart box 2,,,,,in amazonbasics slim packing cube 1,
white CAT5e ethernet cable,1,,,kmart box 2,,,,,in amazonbasics slim packing cube 1,
black CAT5e ethernet cable,1,,,kmart box 2,,,,,in amazonbasics slim packing cube 1,
gopro hero10 black,1,,,kmart box 2,,,,broken screen,in amazonbasics slim packing cube 2,
ulanzi bendable camera/gopro tripod,1,,,kmart box 2,,,,,in amazonbasics slim packing cube 2,
gopro head strap / mount,1,,,kmart box 2,,,,,in amazonbasics slim packing cube 2,
gopro / phone chest strap / mount,1,,,kmart box 2,,,,,in amazonbasics slim packing cube 2,
gopro mini tripod,1,,,kmart box 2,,,,,in amazonbasics slim packing cube 2,
gopro spare battery,1,,,kmart box 2,,,,,in amazonbasics slim packing cube 2,
gopro spare camera mounts,2,,,kmart box 2,,,,,in amazonbasics slim packing cube 2,
spare ball mount with sticky surface underneath,1,,,kmart box 2,,,,think this might be for gopro as well but not sure,in amazonbasics slim packing cube 2,
misc norbauer items,1,keyboards,,kmart box 2,,,,,in amazonbasics medium packing cube,
black keycaps (taohao),1,keyboards,keycaps,kmart box 2,,,,,in amazonbasics medium packing cube,
green keycaps (taohao),1,keyboards,keycaps,kmart box 2,,,,,in amazonbasics medium packing cube,
red keycaps (taohao),1,keyboards,keycaps,kmart box 2,,,,,in amazonbasics medium packing cube,
yellow keycaps (taohao),1,keyboards,keycaps,kmart box 2,,,,,in amazonbasics medium packing cube,
blue keycaps (taohao),1,keyboards,keycaps,kmart box 2,,,,,in amazonbasics medium packing cube,
GMK black keycaps,1,keyboards,keycaps,kmart box 2,,,,,in amazonbasics medium packing cube,
GMK keycaps (white / bleached),1,keyboards,keycaps,kmart box 2,,,,,in amazonbasics medium packing cube,
PBT kbdfans blank white keycaps,1,keyboards,keycaps,kmart box 2,,,,,in amazonbasics medium packing cube,
"spare keyswitches (mostly tangerines a few holy pandas, alpacas)",1,keyboards,keyswitches,kmart box 2,,,,,in amazonbasics medium packing cube,
"misc spare keycaps (spacebars, etc)",1,keyboards,keycaps,kmart box 2,,,,,in amazonbasics medium packing cube,
misc spare keyboard accessories / tools,1,keyboards,keyswitches tools,kmart box 2,,,,"keyswitch puller, keycap puller, stabilisers, lubes, films keyswitch disassembly tool",in amazonbasics medium packing cube,
hdmi cable (1m),1,,,kmart box 2,,,,,in amazonbasics small packing cube,
vga cable,1,,,kmart box 2,,,,,in amazonbasics small packing cube,
UD100 headphone dac,1,,,kmart box 2,,,,,in amazonbasics small packing cube,
3.5mm to RCA (red/white) cable,1,,,kmart box 2,,,,,in amazonbasics small packing cube,
usb c male to female (extension) cable,1,,,kmart box 2,,,,,in amazonbasics small packing cube,
usb a to micro usb cable,1,,,kmart box 2,,,,,in amazonbasics small packing cube,
3.5mm audio (separate input/output) extension cable,1,,headphones,kmart box 2,,,,,in amazonbasics small packing cube,
apple watch charger in 'imac' rubber stand,1,,,kmart box 2,,,,,in amazonbasics small packing cube,
razer deathadder mouse,1,,,kmart box 2,,,,,in amazonbasics small packing cube,
apple mac 60w charger and usb cable,1,,,kmart box 2,,,,,in amazonbasics small packing cube,
o2 headphone amp,1,,,kmart box 2,,,,,in amazonbasics small packing cube,
molex cable,2,,,kmart box 2,,,,"used for PC component power, sometimes hard drives",in amazonbasics small packing cube,
hdmi cable (1.5m),1,,,kmart box 2,,,,,in amazonbasics small packing cube,
tom bihn spare zipper pull bags,5,,,kmart box 2,,,,,in an amazonbasics small packing cube,
ikea small clear container plus lid,3,,,kmart box 2,,,,designed to be hung from the backboard thing that can attach to a wall or desk,in an amazonbasics small packing cube,
bags of spare screws,3,,,kmart box 2,,,,,in an amazonbasics small packing cube,
colourful screwdriver star thing,1,,,kmart box 2,,,,jane maher gave me this,in an amazonbasics small packing cube,
apple silicon iphone 13 mini case,2,,,kmart box 2,,,,,in an amazonbasics small packing cube,
spare spigen iphone 13 mini screen protector,1,,,kmart box 2,,,,,in an amazonbasics small packing cube,
green rolex watch pouch,2,,,kmart box 2,,,,,in an amazonbasics small packing cube,
black tudor watch pouch,1,,,kmart box 2,,,,,in an amazonbasics small packing cube,
olight perun 2 mini flashlight headband,1,,,kmart box 2,,,,,in an amazonbasics small packing cube,
roost foldable laptop stand (cover/bag),1,,,kmart box 2,,,,,in an amazonbasics small packing cube,
iphone x,1,,,CAP2 Brown,,,,,,
muji pocket notebook thick,2,,,TB Ghost whale green,,,,,,
muji pocket notebook thin,1,,,TB Ghost whale green,,,,,,
spirax pocket notebook,2,,,TB Ghost whale green,,,,,,
thick post it notes,1,,,TB Ghost whale green,,,,,,
cailber pocket notebook,1,,,TB Ghost whale green,,,,,,
watch caseback removal tool,1,,,CAP2 Brown,,,,,,
iphone magsafe wallet,1,,,CAP2 Brown,,,,,,
truthear hexa case,1,,,CAP2 Brown,,,,,,
truthear gate case,1,,,CAP2 Brown,,,,,,
ipod classic,1,,,CAP2 Brown,,,,,,
apple 30pin usb a cable,1,,,CAP2 Brown,,,,,,
sansa clip zip orange mp3 player,1,,,CAP2 Brown,,,,,,
TI-84 Plus Calculator,1,,,CAP2 Orange,,,,,,
Logitech G Pro Superlight 2 mouse,1,,,CAP2 Orange,,,,,,
Powerbeats pro earphones,1,,,CAP2 Orange,,,,,,
aesop sanitiser,1,,,CAP2 Orange,,,,,,
small sticky notes,1,,,CAP2 Orange,,,,,,
burts bees lipbalm,1,,,CAP2 Orange,,,,,,
usb a to mini usb cable,1,,,CAP2 Black,,,,,,
nokia e72 charger (usb a to pin cable),1,,,CAP2 Black,,,,,,
usb c to micro usb cable,2,,,CAP2 Black,,,,,,
3.5mm extension cable,1,,,CAP2 Black,,,,,,
usb c to lightning cable,2,,,CAP2 Black,,,,,,
usb c to 3.5mm cable,1,,,CAP2 Black,,,,,,
sim card removal tool,2,,,CAP2 Black,,,,,,
replacement mx master mouse slide pads,1,,,CAP2 Black,,,,,,
incharge xl converter heads,4,,,CAP2 Black,,,,,,
monash usb drive,1,,,CAP2 Black,,,,,,
4gb sandisk usb drive,1,,,CAP2 Black,,,,,,
TP-Link 300mbps usb wifi adaptor,1,,,CAP2 Black,,,,,,
mophie 20k mah battery,1,,,CAP2 Black,,,,,,
usb a to usb c cable (0.3m),1,,,CAP2 Black,,,,,,
usb a to usb c cable (0.5m),1,,,CAP2 Black,,,,,,
usb a to usb c cable (logitech g pro),1,,,CAP2 Black,,,,,,
usb a to mini usb cable (0.3m),1,,,CAP2 Black,,,,,,
yubikey,1,,,CAP2 Black,,,,,,
logitech g Pro Superlight 2 mouse -- usb transmitter,1,,,CAP2 Black,,,,,,
"logitech g Pro Superlight 2 mouse - misc accessories, incl grip tape",1,,,CAP2 Black,,,,,,
samsung t5 external ssd 1tb,1,,,CAP2 Black,,,,,,
usb drives,5,,,CAP2 Black,,,,,tom bihn mini ghost whale,
usb c to micro sd card adaptor,1,,,CAP2 Black,,,,,tom bihn mini ghost whale,
ledger nano s,1,,,CAP2 Black,,,,,tom bihn mini ghost whale,
micro sd cards,5,,,CAP2 Black,,,,,tom bihn mini ghost whale,
tom bihn mini ghost whale pouch (black),1,,,CAP2 Black,,,,,,
apple usb c male to usb a female adaptor,1,,,CAP2 Black,,,,,,
tom bihn strap keepers,4,,,"on CAS2 Grey, on Synik22",,,,,,
apple watch straps,2,,,CAP0.5 Orange,,,,,,
tom bihn 'handle loop' strap,1,,,CAP0.5 Orange,,,,,,
micro fibre cloth,2,,,CAP0.5 Orange,,,,,,
zendure micro fibre pouch,1,,,CAP0.5 Orange,,,,,,
CR2032 battery,1,,,CAP0.5 Orange,,,,,,
CR2016 batteries,3,,,CAP0.5 Orange,,,,,,
grand seiko loupe,1,,,CAP0.5 Orange,,,,,,
pokemon keycap,2,keyboards,keycaps,CAP0.5 Orange,,,,,,
bag of IEM eartips,4,,,CAP0.5 Orange,,,,,,
tom bihn Swivel Double Carabiner,8,,,CAP0.5 Orange,,,,,,
nite ize s biner,4,,,CAP0.5 Orange,,,,,,
3.5mm to quarter inch jack adaptor,1,,,CAP0.5 Orange,,,,,,
muji orange highlighter,1,,,CAP0.5 Black,,,,,,
orange sharpie,1,,,CAP0.5 Black,,,,,,
staedtler whiteboard marker (blue),1,,,CAP0.5 Black,,,,,,
Faber-Castell pen style eraser,1,,,CAP0.5 Black,,,,,,
rotring 600 3 in 1 pen/pencil,1,,,CAP0.5 Black,,,,,,
uni kuru toga pencil,1,,,CAP0.5 Black,,,,,,
rotring 600 green,1,,,CAP0.5 Black,,,,,,
rotring 800 black,1,,,CAP0.5 Black,,,,,,
mono zero pen style eraser,2,,,CAP0.5 Black,,,,,,
mono zero pen style eraser - replacement erasers,2,,,CAP0.5 Black,,,,,,
grand seiko pen,2,,,CAP0.5 Black,,,,,,
pentel 120 pencil,1,,,CAP0.5 Black,,,,,,
caran d'ache rolex pen,1,,,CAP0.5 Black,,,,,,
parker jotter pen,1,,,CAP0.5 Black,,,,gift from dan nickels,,
parker twist pen,1,,,CAP0.5 Black,,,,gift from grandma and grandpa (maybe for a birthday one year),,
spare mechanical pencil lead containers,5,,,CAP0.5 Black,,,,,,
pilot g2 0.38mm,1,,,CAP0.5 Black,,,,,,
pilot g2 mini (0.7mm),1,,,CAP0.5 Black,,,,,,
pilot g2 0.5mm,1,,,desk,,,,,,
asus rog ally x,1,,,wicker basket,,,,,,
scuf xbox 360 controller,1,,,wicker basket,,,,,,
xbox 360 controller,1,,,wicker basket,,,,,,
ifixit repair kit,1,,,wicker basket,,,,,,
thinkpad t480,1,,,wicker basket,,,,,,
aeroplane pouch,2,,,wicker basket,,,,,,
tom bihn dual zip pouch,1,,,wicker basket,,,,,,
tom bihn ghost whale small green,1,,,wicker basket,,,,,,
ruler,1,,,wicker basket,,,,,,
3 watch case,1,,,wicker basket,,,,,,
a4 legal pad paper,1,,,wicker basket,,,,,,
wooden pencil case,1,,,wicker basket,,,,,,
sennheiser game one headphones,1,,,wicker basket,,,,,,
muji a5 notebook,1,,,wicker basket,,,,,tom bihn ghost whale a5 green,
spirax a5ish notepad,2,,,wicker basket,,,,,tom bihn ghost whale a5 green,
tom bihn ghost whale a5 green,1,,,wicker basket,,,,,,
tom bihn ghost whale a5 grey,1,,,wicker basket,,,,,,
anbernic rg35xx plus,1,,,rolex pouch,,,,,,
spigen iphone 13 mini magsafe case,1,,,rolex pouch,,,,,,
spigen iphone x case,1,,,rolex pouch,,,,,,
gameboy advance SP,1,,,rolex pouch,,,,,,
nintendo ds lite,1,,,rolex pouch,,,,,,
nintendo 3ds xl,1,,,rolex pouch,,,,,,
gameboy advance SP charger,1,,,rolex pouch,,,,,,
nintendo ds lite charger,1,,,rolex pouch,,,,,,
nintendo 3ds xl charger,1,,,rolex pouch,,,,,,
"card-pile (contains misc credit cards, etc)",2,,,RCC pouch,,,,,,"includes a couple of notes from Lily, and bitwarden 2fa recovery codes"
Lily journal,1,,,RCC pouch,,,,,,
Lily birth certificate,1,,,RCC pouch,,,,,,
Oslo 2019 polaroid photo of me,1,,,RCC pouch,,,,,,
Lily photo with Bernie (one has a note on the back),2,,,RCC pouch,,,,,,
some foreign currency including USD,1,,,RCC pouch,,,,,,
boost sim card,1,,,RCC pouch,,,,,,
Lily passport,1,,,RCC pouch,,,,,,
Pat passport,1,,,RCC pouch,,,,,,
Punchplate III crypto seed word storage ,1,,,RCC pouch,,,,,,
cogent titanium mini prybar,1,,,RCC pouch,,,,,,
sim card removal tool,2,,,RCC pouch,,,,,,
splitrings for keychain;,2,,,RCC pouch,,,,,,
travel padlocks and keys,2,,,RCC pouch,,,,,,
vietnam fake cariter love rings,2,,,RCC pouch,,,,,,
leather bracelet,1,,,RCC pouch,,,,mum got this for me in italy i believe,,
samsung t7 shield 4tb,1,,,desk,,,,,,
ipad mini,1,,,desk,,,,,,
ipad pro 12.9,1,,,desk,,,,,,
muji notebook a5 grey,1,,,desk,,,,,,
ipad pro 12.9 magic keyboard,1,,,desk,,,,,,
macbook pro 13 m1,1,,,desk,,,,,,
logitech mx maser mouse,1,,,desk,,,,,,
apple magic trackpad,1,,,desk,,,,,,
aliexpress 'bagel' watch case,3,,,wicker basket,,,,,,
truthear hexa,1,,,CAP2 Brown,,,,,,
truthear gate,2,,,CAP2 Brown,,,,,,
sennheiser hd58x,1,,,desk,,,,,,
usb c to usb c cable,1,,,in studio display,,,,,,
apple usb c to 3.5mm cable,1,,,in studio display,,,,,,
apple usb c to usb a female cable,1,,,in studio display,,,,,,
leatherman sidekick pocket knife / multitool,1,,,,,,,,,